,Location,hostname,interface,hostname.1,interface.1
0,STOCKHOLM,STO-T1A-STKX-HRT01,GE_1/8/5,STO-T1A-RT04,GIGABITETHERNET0/0/1
1,SEOUL2,SEO2-T1A-OO7X-HRT01,GE_5/1/10,SEO-T1A-AICNA-ACN-RT01,GIGABITETHERNET0/0/0
2,CHICAGO,CH-T1A-CT8X-HPE01,STM4_3/1/14,CH-T1A-RT03,POS3/1/0
3,FRANKFURT3,FFT3-T1A-FR1X-HRT01,TE_5/1/13,FFT2-T1A-FEQX-HRT01,TE_5/1/13
4,LOS ANGELES,LA-T1A-27GX-HPE01,TE_1/1/14,DA-T1A-D0VX-HPE01,TE_4/1/1
5,LONDON,LN-T1A-L78X-HCR02,TE_1/1/13,LN-T1A-L78X-HPE01,TE_10/1/14
6,VIETNAM,VI-T1A-ASGNA-ACN-RT01,GIGABITETHERNET0/0/0,VI-T1A-RT01,GIGABITETHERNET1/0/1
7,FRANKFURT,FFT-T1A-FNM-HCR01,TE_2/1/14,FFT-T1A-HPE02,TE_5/1/13
8,HONGKONG,HK-T1A-H99X-HPE01,TE_1/1/13,HK-T1A-CR02,TENGIGABITETHERNET2/1
9,HIGH BRIDGE,HBG-T1A-HB9X-HRT01,TE_3/2/14,HBG-T1A-HB9X-HRT02,TE_2/2/1
10,LUANDA,LUA-T1A-ALADA-ACN-RT01,GIGABITETHERNET0/1/0,LUA-T1A-ALADA-ACN-RT02,GIGABITETHERNET0/1/0
11,CHICAGO,CH-T1A-RT01,GIGABITETHERNET4/0/1,CH-T1A-RT03,GIGABITETHERNET3/0/1
12,AMSTERDAM,AM-T1A-A99X-HRT01,TE_2/2/2,COP-T1A-ACPHB-HRT01,TE_1/2/13
13,NEW YORK,NY-T1A-N99X-HCR01,GE_1/1/1,NY-T1A-RT01,GIGABITETHERNET4/1/0
14,ZURICH,ZU-T1A-RT01,GIGABITETHERNET3/0/1,ZU-T1A-RT02,GIGABITETHERNET3/0/1
15,TOKYO,TK-T1A-T0VX-HCR02,GE_1/1/2,TK-T1A-T0VX-HCR01,GE_5/1/3
16,BALI,BAL-T1A-EAHX-ACN-RT01,GIGABITETHERNET0/0/1,BAL-T1A-EAHX-ACN-RT02,GIGABITETHERNET0/0/1
17,NAIROBI,NAI-T1A-RT01,GIGABITETHERNET4/0/2,NAI2-T1A-HRT01,GE_1/7/4
18,SINGAPORE,SI-T1A-SVWX-HCR02,TE_5/2/13,SI-T1A-HCR01,TE_4/1/4
19,DOHA,DOH-T1A-RT01,POS0/1/0,BAH-T1A-HRT01,STM1_1/12/2
20,PARIS,PAR-T1A-P96X-HCR01,TE_2/2/1,LN-T1A-HCR01,TE_4/1/3
21,LONDON2,LN2-T1A-LDNX-HRT01,GE_5/1/9,DUB-T1A-RT02,GIGABITETHERNET3/0/3
22,MANILA,MLA-T1A-AMNLA-ACN-RT01,GIGABITETHERNET0/0/0,MLA2-T1A-GX0X-HRT01,GE_1/1/7
23,SINGAPORE,SI-T1A-SVWX-HCR02,GE_1/1/3,SI-T1A-RT01,GIGABITETHERNET4/1/0
24,MIAMI,MIA-T1A-MLNX-HPE02,GE_1/1/1,MIA-T1A-RT01,GIGABITETHERNET2/1/3
25,BANGKOK,BNK-T1A-WGZX-ACN-RT01,GIGABITETHERNET0/2/1,BNK-T1A-RT01,GIGABITETHERNET0/0/4
26,FRANKFURT,FFT-T1A-FNMX-HCR02,GE_5/1/4,FFT-T1A-RT07-ASBR,GIGABITETHERNET1/0/0
27,HONGKONG,HK-T1A-RT02-PE,GIGABITETHERNET4/0/3,HK-T1A-RT08-PE,GIGABITETHERNET2/0/0
28,MADRID,MA-T1A-WV6X-HRT01,GE_1/1/12,MA-T1A-RT01,GIGABITETHERNET2/1/1
29,ASHBURN,ASH-T1A-AE6X-HRT03,GE_1/1/8,ASH-T1A-AE6X-RT04,GIGABITETHERNET0/0/2
30,LOS ANGELES,LA-T1A-27GX-HPE01,TE_1/1/13,LA-T1A-CR01,TENGIGABITETHERNET2/2
31,KUALALAMPUR,KL-T1A-KVDX-RT03,GIGABITETHERNET1/0/0,KL-T1A-KVDX-HRT01,GE_2/1/9
32,JAKARTA2,JK2-T1A-IJNX-RT01,GIGABITETHERNET0/0/0,JK-T1A-RT01,GIGABITETHERNET1/0/2
33,OSAKA,OSA-T1A-RT02,GIGABITETHERNET3/1/2,TK2-T1A-RT01,GIGABITETHERNET0/1/0
34,SINGAPORE2,SI2-T1A-SVQX-HCR01,GE_1/1/2,SI2-T1A-RT01,GIGABITETHERNET8/0/2
35,JAKARTA2,JK2-T1A-IJNX-RT01,GIGABITETHERNET0/0/1,JK-T1A-ACGKA-ACN-RT02,GIGABITETHERNET0/0/0
36,MIAMI,MIA-T1A-MLNX-HPE02,GE_1/1/6,ATL-T1A-A56X-HRT02,GE_1/1/10
37,NEW YORK,NY-T1A-RT01,GIGABITETHERNET3/1/3,NY-T1A-CR03,GIGABITETHERNET3/2
38,SANTA CLARA,SC-T1A-SV1X-HCR01,TE_1/2/1,SC-T1A-S99X-HPE01,TE_10/1/14
39,PARIS,PAR-T1A-P96X-HCR01,TE_1/2/4,PAR-T1A-P96X-HCR02,TE_3/2/2
40,SANTA CLARA,SC-T1A-SV1X-HCR01,TE_1/2/3,CH-T1A-CT8X-HPE01,TE_1/1/14
41,NEW JERSEY,NJ-T1A-NJYX-HCR01,TE_1/1/13,DA-T1A-D0VX-HPE01,TE_1/1/14
42,NEW YORK,NY-T1A-RT02,GIGABITETHERNET1/11,NY-T1A-CR02,GIGABITETHERNET3/17
43,JAKARTA2,JK2-T1A-IJNX-RT01,POS1/1/2,SI-T1A-HCR01,STM1_5/2/2
44,FRANKFURT2,FFT2-T1A-FEQX-HRT01,GE_1/1/2,BUD-T1A-RT02,GIGABITETHERNET3/0/3
45,NEW YORK,NY-T1A-RT02,GIGABITETHERNET6/1,NY-T1A-CR03,GIGABITETHERNET3/17
46,PARIS,PAR-T1A-P96X-HCR01,TE_1/2/2,AM-T1A-HRT03,TE_1/2/2
47,DOHA2,DOH2-T1A-UN4X-HRT01,STM4_5/2/9,FUJ-T1A-HRT01,STM4_5/1/9
48,HONGKONG2,HK2-T1A-KTHX-HRT01,TE_5/1/14,HK2-T1A-KTHX-HRT02,TE_3/1/13
49,DUBLIN,DUB-T1A-EDUX-HRT02,GE_1/1/12,LN-T1A-L78X-HPE01,GE_5/1/12
50,FRANKFURT,FFT-T1A-FNMX-HCR02,GE_1/1/5,IST2-T1A-HRT01,GE_1/8/2
51,SINGAPORE2,SI2-T1A-SVQX-HCR02,GE_5/2/4,SI2-T1A-SVQX-HPE02,GE_3/1/13
52,HONGKONG2,HK2-T1A-KTHX-HRT01,GE_1/1/5,HK2-T1A-RT01,GIGABITETHERNET3/0/4
53,JOHANNESBURG2,JOB2-T1A-JHBX-HRT01,GE_5/1/11,DAR-T1A-HRT01,GE_1/8/5
54,HELSINKI,HEL1-T1A-HRT01,GE_2/1/4,HEL2-T1A-HRT01,GE_2/1/4
55,CHICAGO,CH-T1A-CT8X-HPE01,TE_1/1/13,CH-T1A-RT03,TENGIGABITETHERNET9/1
56,CHICAGO,CH-T1A-CT8X-HPE01,TE_4/1/1,CH-T1A-RT03,TENGIGABITETHERNET4/1
57,STOCKHOLM,STO-T1A-STKX-HRT02,GE_1/1/41,STO-T1A-RT04,GIGABITETHERNET0/0/0
58,NEW YORK,NY-T1A-CR03,GIGABITETHERNET3/18,NY-T1A-N99X-HPE02,GE_10/1/12
59,ATLANTA,ATL-T1A-RT02,GIGABITETHERNET3/0/0,ATL-T1A-RT01,GIGABITETHERNET3/0/0
60,TOKYO,TK-T1A-T0VX-HCR01,GE_5/1/5,TAI-T1A-RT01,GIGABITETHERNET3/0/4
61,BUDAPEST,BUD-T1A-RT01,GIGABITETHERNET2/1/4,BUD-T1A-RT02,GIGABITETHERNET2/1/1
62,CHICAGO,CH-T1A-CT8X-HPE01,STM4_3/1/13,CH-T1A-RT03,POS2/3/0
63,HANEDA,HAN-T1A-AHNDAX-ACN-RT02,GIGABITETHERNET0/0/0.119,TK2-T1A-RT01,GIGABITETHERNET0/0/4.119
64,HONGKONG,HK-T1A-H99X-HCR01,TE_1/1/14,MLA2-T1A-GX0X-HRT01,TE_1/1/14
65,HONGKONG,HK-T1A-H99X-HCR01,GE_1/1/3,HK-T1A-RT09-ASBR,GIGABITETHERNET0/1/1
66,SINGAPORE2,SI2-T1A-SVQX-HCR02,GE_1/1/3,SI2-T1A-RT02,GIGABITETHERNET4/1/2
67,CAPE TOWN,CAP-T1A-EAGX-HRT01,GE_1/1/2,CAP-T1A-EAGX-HRT02,GE_1/1/2
68,DALLAS,DA-T1A-RT01,GIGABITETHERNET2/1/3,DA-T1A-RT03,GIGABITETHERNET3/0/0
69,LONDON2,LN2-T1A-LDNX-HRT02,TE_1/1/13,LN-T1A-HCR01,TE_1/2/1
70,NEW JERSEY,NJ-T1A-NJYX-HCR01,TE_5/1/1,NJ-T1A-NJYX-HPE02,TE_9/1/13
71,DUBAI,DU-T1A-RT01,GIGABITETHERNET9/3/1,DU-T1A-RT03,GIGABITETHERNET9/3/1
72,LONDON,LN-T1A-L78X-HRV01,GE_1/1/1,LN-T1A-HCR01,GE_3/1/6
73,SINGAPORE2,SI2-T1A-SVQX-HCR01,GE_1/1/3,SI2-T1A-RT01,GIGABITETHERNET8/0/1
74,MUSCAT,MUS-T1A-OB6X-HRT01,STM1_1/10/1,FUJ-T1A-HRT01,STM1_5/1/7
75,PARIS,PAR-T1A-P96X-HCR01,GE_1/1/5,MIL-T1A-RT02,GIGABITETHERNET2/2/2
76,PARIS,PAR-T1A-P96X-HCR02,GE_1/1/2,PAR-T1A-RT03,GIGABITETHERNET7/0/0
77,MIAMI,MIA-T1A-RT01,GIGABITETHERNET3/1/4,MIA-T1A-RT05-ASBR,GIGABITETHERNET0/0/0
78,MOSCOW,MOS-T1A-RT01,GIGABITETHERNET3/0/0,MOS-T1A-RT02,GIGABITETHERNET3/0/0
79,HIGH BRIDGE,HBG-T1A-HB9X-HRT01,TE_5/1/14,CRX-T1A-HW1X-HRT02,TE_5/1/14
80,HIGH BRIDGE,HBG-T1A-HB9X-HRT01,STM4_3/1/10,PAR2-T1A-RT01,POS2/1/0
81,HONGKONG,HK-T1A-H99X-HCR01,TE_3/1/3,SEO3-T1A-OO8X-HRT01,TE_1/1/14
82,MOROCCO,MOR-T1A-52WX-HRT02,GE_2/1/25,PAR2-T1A-RT01,GIGABITETHERNET3/2/3
83,PARIS,PAR-T1A-P96X-HCR01,STM1_5/1/1,MA-T1A-WV6X-HRT01,STM1_3/1/1
84,FRANKFURT,FFT-T1A-FNMX-HCR02,TE_5/1/13,FFT-T1A-FNM-HCR01,TE_2/2/2
85,PARIS,PAR-T1A-P96X-HCR02,TE_3/1/2,PAR2-T1A-RT01,TENGIGABITETHERNET4/1
86,SANTA CLARA,SC-T1A-SV1X-HCR01,TE_1/1/14,SC-T1A-CR03,TENGIGABITETHERNET2/2
87,MADRID,MA-T1A-WV6X-HRT01,GE_1/1/9,MOR-T1A-52WX-HRT01,GE_2/1/25
88,OSAKA,OSA-T1A-RT01,GIGABITETHERNET3/0/0,OSA-T1A-RT02,GIGABITETHERNET2/0/0
89,KARACHI,KAR-T1A-RT01,POS0/3/1,FUJ-T1A-HRT01,STM1_4/1/15
90,SYDNEY,SY-T1A-M3HX-HRT01,GE_1/1/8,SY-T1A-RT01,GIGABITETHERNET4/1/3
91,NEW YORK,NY-T1A-CR03,TENGIGABITETHERNET1/1,NY-T1A-N99X-HPE02,TE_3/1/13
92,FRANKFURT,FFT-T1A-FNMX-HCR02,TE_1/2/4,MUN-T1A-MU1X-HRT01,TE_1/1/13
93,JOHANNESBURG2,JOB2-T1A-JHBX-HRT01,GE_5/1/6,JO-T1A-AJNBA-ACN-RT02,GIGABITETHERNET0/0/0
94,ZURICH,ZU-T1A-RT01,GIGABITETHERNET2/1/0,ZU-T1A-RT02,GIGABITETHERNET2/1/0
95,SYDNEY,SY-T1A-M3HX-HRT01,TE_3/2/2,SI-T1A-HCR01,TE_4/1/3
96,SANTA CLARA,SC-T1A-SV1X-HCR01,TE_5/1/1,SC-T1A-S99X-HPE02,TE_10/1/14
97,WARSAW,WA-T1A-WZNX-HRT01,TE_1/1/13,WA-T1A-WZNX-HRT02,TE_1/1/13
98,PARIS,PAR-T1A-P96X-HCR01,TE_2/2/2,PAR-T1A-P96X-HCR02,TE_1/1/14
99,NEW YORK,NY-T1A-RT05,GIGABITETHERNET8/2/3,NY-T1A-CR03,GIGABITETHERNET3/6
100,NEW YORK,NY-T1A-N99X-HCR01,GE_5/1/12,TOR2-T1A-TTTX-HRT01,GE_5/1/2
101,MILAN,MIL-T1A-ITMX-HRT01,GE_1/1/2,MIL-T1A-RT02,GIGABITETHERNET3/0/3
102,HONGKONG,HK-T1A-H99X-HCR01,TE_3/1/1,HK-T1A-H99X-HPE02,TE_1/1/13
103,SEOUL2,SEO2-T1A-OO7X-HRT01,TE_5/1/13,TK-T1A-T0VX-HCR01,TE_2/2/4
104,FRANKFURT,FFT-T1A-FNMX-HCR02,GE_5/1/5,FFT-T1A-RT07-ASBR,GIGABITETHERNET1/0/2
105,BRAZIL,BRZ-T1A-XXHX-HRT01,GE_5/1/3.105,MIA-T1A-RT01,GIGABITETHERNET2/1/2.105
106,SINGAPORE,SI-T1A-HCR01,GE_3/1/2,SI-T1A-RT01,GIGABITETHERNET3/0/2
107,CAPE TOWN,CAP-T1A-ACPTA-ACN-RT01,GIGABITETHERNET0/1/0,CAP-T1A-ACPTA-ACN-RT02,GIGABITETHERNET0/1/0
108,CAPE TOWN,CAP-T1A-EAGX-HRT01,GE_1/1/1,JOB-T1A-EOPX-HRT01,GE_5/1/1
109,LONDON,LN-T1A-HCR01,GE_3/1/2,LN-T1A-RT04-PE,GIGABITETHERNET7/0/2
110,MILAN,MIL-T1A-ITMX-HRT01,GE_1/1/1,MIL-T1A-RT02,GIGABITETHERNET3/0/4
111,MILAN,MIL-T1A-ITMX-HRT01,TE_5/1/13,FFT-T1A-FNM-HCR01,TE_2/2/3
112,LONDON,LN-T1A-L78X-HCR02,TE_5/1/14,LN-T1A-L78X-HPE02,TE_10/1/14
113,LOS ANGELES,LA-T1A-27GX-HCR01,GE_1/1/1,LA-T1A-RT02,GIGABITETHERNET3/2/0
114,DALLAS,DA-T1A-D0VX-HPE01,TE_5/1/14,DA-T1A-RT03,TENGIGABITETHERNET7/2
115,MIAMI,MIA-T1A-RT01,GIGABITETHERNET3/1/3,MIA-T1A-RT05-ASBR,GIGABITETHERNET0/0/1
116,SINGAPORE,SI-T1A-SVWX-HCR02,GE_1/1/11,SI-T1A-SVWX-RT07-ASBR,GIGABITETHERNET0/1
117,CAPE TOWN,CAP-T1A-EAGX-HRT01,GE_5/1/6,CAP-T1A-ACPTA-ACN-RT01,GIGABITETHERNET0/0/0
118,SINGAPORE,TCX-T1A-IH4X-HRT02,GE_1/1/25,TCX-T1A-IH4X-HRT01,GE_1/1/25
119,NEW YORK,NY-T1A-N99X-HCR01,GE_5/1/11,TOR2-T1A-TTTX-HRT01,GE_5/1/4
120,LONDON,LN-T1A-L78X-HCR02,GE_5/1/7,LN-T1A-L78X-HRV01,GE_5/1/1
121,JOHANNESBURG,JO-T1A-RT01,GIGABITETHERNET7/0/1,HAR-T1A-HRT01,GE_1/7/2
122,LONDON,LN-T1A-L78X-HCR02,GE_1/1/6,DUB-T1A-RT01,GIGABITETHERNET3/0/3
123,SINGAPORE2,SI2-T1A-SVQX-HCR01,TE_2/2/3,SI-T1A-HCR01,TE_2/2/3
124,VIETNAM,VI-T1A-ASGNA-ACN-RT01,GIGABITETHERNET0/0/1,VI-T1A-ASGNA-ACN-RT02,GIGABITETHERNET0/0/1
125,MADRID,MA-T1A-WV6X-HRT01,GE_5/1/12,MA-T1A-RT01,GIGABITETHERNET4/2/2
126,SYDNEY,SY-T1A-M3HX-HRT01,GE_5/1/12,PER-T1A-H9UX-HRT01,GE_1/1/9
127,SEATTLE2,SEA2-T1A-EMSX-HRT01,TE_5/1/13,CH-T1A-CT8X-HPE01,TE_2/1/1
128,COLOMBO,EK-COL-T3-RT04,GIGABITETHERNET1/0/3,SI-T1A-SVWX-HPE02,GE_2/2/3
129,ASHBURN,ASH-T1A-AE6X-RT04,GIGABITETHERNET1/0/0,ASH-T1A-AE6X-HRT01,GE_3/2/2
130,SINGAPORE,SI-T1A-SVWX-HCR02,TE_2/1/3.101,HK-T1A-H99X-HCR01,TE_4/1/4.101
131,SINGAPORE2,SI2-T1A-SVQX-HCR02,GE_1/1/2,SI2-T1A-RT02,GIGABITETHERNET4/1/4
132,BUDAPEST,BUD-T1A-RT01,GIGABITETHERNET2/1/0,FFT-T1A-FNM-HCR01,GE_3/1/10
133,FRANKFURT,FFT-T1A-FNM-HCR01,GE_3/1/8,IST2-T1A-HRT01,GE_1/8/3
134,LONDON,LN-T1A-L78X-HCR02,GE_5/1/8,LSB-T1A-PV9X-HRT01,GE_1/5/1
135,LOS ANGELES,LA-T1A-CR01,GIGABITETHERNET3/15,LA-T1A-CR02,GIGABITETHERNET3/15
136,LONDON2,LN2-T1A-LDNX-HRT02,GE_5/1/1,BRU-T1A-RT01,GIGABITETHERNET7/1/0
137,NEW JERSEY,NJ-T1A-NJYX-HCR01,TE_1/2/3,NJ-T1A-NJYX-CR02,TENGIGABITETHERNET2/2
138,AMSTERDAM,AM-T1A-A99X-HRT01,GE_5/1/3,AM-T1A-RT01,GIGABITETHERNET4/1/0
139,HONGKONG,HK-T1A-H99X-HCR01,TE_4/1/2,HK2-T1A-KTHX-HRT02,TE_1/1/14
140,SINGAPORE,SI-T1A-SVWX-HCR02,TE_1/1/14,SI-T1A-SVWX-HPE02,TE_1/1/14
141,FRANKFURT,FFT-T1A-FNMX-HCR02,TE_1/1/13,FFT-T1A-FNM-HCR01,TE_4/1/4
142,ISTANBUL,IST-T1A-RT01,GIGABITETHERNET2/0/1,IST2-T1A-HRT01,GE_1/8/4
143,SEATTLE,SEA-T1A-00SX-HPE01,TE_3/1/13,SC-T1A-CR03,TENGIGABITETHERNET4/1
144,MOROCCO,MOR-T1A-52WX-HRT01,GE_1/1/23,MOR-T1A-52WX-HRT02,GE_1/1/23
145,TOKYO,TK-T1A-T0VX-HCR02,GE_1/1/6,SY-T1A-1MHX-HRT02,GE_3/1/12:3001
146,LONDON,LN-T1A-L78X-HCR02,TE_3/1/4,AM-T1A-A99X-HRT01,TE_3/1/1
147,PARIS2,PAR2-T1A-PVUX-HRT02,GE_1/1/1,PAR2-T1A-RT01,GIGABITETHERNET3/1/4
148,TOKYO,TK-T1A-T0VX-HCR02,GE_1/1/9,HAN-T1A-AHNDAX-ACN-RT01,GIGABITETHERNET0/0/0
149,SANTA CLARA,SC-T1A-SV1X-HCR01,TE_5/1/4,SC-T1A-CR03,TENGIGABITETHERNET4/2
150,MOSCOW,MOS-T1A-RT01,GIGABITETHERNET3/1/0,MOS-T1A-RT02,GIGABITETHERNET3/1/0
151,TORONTO,TOR-T1A-T6UX-HRT01,TE_1/1/14,CH-T1A-CT8X-HPE01,TE_4/1/2
152,HONGKONG,HK-T1A-H99X-HCR01,TE_5/1/14,HK-T1A-CR02,TENGIGABITETHERNET2/2
153,TOKYO,TK-T1A-T0VX-HRV01,GE_1/1/1,TK-T1A-T0VX-HCR01,GE_1/1/4
154,MANILA,MLA-T1A-AMNLA-ACN-RT01,GIGABITETHERNET0/1/0,MLA-T1A-AMNLA-ACN-RT02,GIGABITETHERNET0/1/0
155,PARIS,PAR-T1A-P96X-HCR02,TE_3/2/1,AM-T1A-HRT03,TE_2/1/13
156,DALLAS,DA-T1A-D0VX-HPE01,TE_5/1/13,ATL-T1A-RT02,TENGIGABITETHERNET4/2
157,SYDNEY,SY-T1A-M3HX-HRT01,GE_1/1/9,SY-T1A-RT03,GIGABITETHERNET4/1/4
158,JOHANNESBURG,JOB-T1A-EOPX-HRT01,GE_5/1/6,JO-T1A-AJNBA-ACN-RT01,GIGABITETHERNET0/0/0
159,FRANKFURT3,FFT3-T1A-FR1X-HRT01,TE_1/1/13,FFT-T1A-FNM-HCR01,TE_2/2/1
160,HONGKONG,HK-T1A-CR02,GIGABITETHERNET7/0/0,HK-T1A-RT09-ASBR,GIGABITETHERNET1/0/1
161,SINGAPORE2,SI2-T1A-SVQX-HCR01,GE_1/1/10,SI-T1A-ASINX-ACN-RT01,GIGABITETHERNET0/0/0
162,WARSAW,WA-T1A-WZNX-HRT02,GE_1/1/11,FFT2-T1A-FEQ-RT02,GIGABITETHERNET2/1/3
163,NEW JERSEY,NJ-T1A-NJYX-HCR01,GE_1/1/4,BOS-T1A-RT01,GIGABITETHERNET1/0/4
164,SANTA CLARA,SC-T1A-S99X-HPE02,TE_1/1/13,SC-T1A-S99X-HPE01,TE_1/1/13
165,TAIPEI,TAI-T1A-TJ5X-HRT02,GE_3/1/1,TAI-T1A-RT01,GIGABITETHERNET7/1/0
166,LONDON,LN-T1A-L78X-HCR02,GE_1/1/12,LN-T1A-RT08-ASBR,GIGABITETHERNET0/1
167,NEW YORK,NY-T1A-N99X-HRV01,GE_5/1/1,NY-T1A-CR03,GIGABITETHERNET3/20
168,JAKARTA,JK-T1A-ACGKA-ACN-RT01,GIGABITETHERNET0/0/0,JK-T1A-RT01,GIGABITETHERNET0/0/2
169,HANEDA,HAN-T1A-AHNDAX-ACN-RT02,GIGABITETHERNET0/0/1,HAN-T1A-AHNDAX-ACN-RT01,GIGABITETHERNET0/0/1
170,SINGAPORE,SI-T1A-HCR01,GE_2/1/4,VI-T1A-RT01,GIGABITETHERNET0/0/2
171,MIAMI,MIA-T1A-MLNX-HPE02,STM16_2/2/1,NY-T1A-CR03,POS8/0/0
172,HONGKONG,HK-T1A-H99X-HPE02,GE_1/1/7,HK-T1A-RT08-PE,GIGABITETHERNET4/6
173,JAKARTA2,JK2-T1A-IJNX-RT01,GIGABITETHERNET0/0/4,BAL-T1A-EAHX-ACN-RT02,GIGABITETHERNET0/0/0
174,WARSAW,WA-T1A-WZNX-HPE02,GE_1/9/1,WA-T1A-WZNX-HPE01,GE_1/9/1
175,PARIS,PAR-T1A-P96X-HCR02,GE_1/1/7,BRU-T1A-RT01,GIGABITETHERNET2/0/0
176,DUBLIN,DUB-T1A-RT01,GIGABITETHERNET3/0/0,DUB-T1A-RT02,GIGABITETHERNET3/0/0
177,DUBLIN,DUB-T1A-EDUX-HRT01,GE_1/1/12,LN-T1A-L78X-HPE01,GE_5/1/11
178,SINGAPORE,SI-T1A-HCR01,GE_3/1/1,SI-T1A-RT01,GIGABITETHERNET4/0/2
179,MUNICH,MUN-T1A-MU1X-HRT01,TE_5/1/13,FFT2-T1A-FEQ-RT02,TENGIGABITETHERNET4/1
180,SINGAPORE,SI-T1A-SVWX-HPE02,GE_10/1/13,SI-T1A-SVWX-HPE01,GE_10/1/13
181,AMSTERDAM,AM-T1A-HRT03,GE_1/1/3,AM-T1A-RT01,GIGABITETHERNET2/3/1
182,PARIS,PAR-T1A-P96X-HCR01,GE_5/2/3,GEN-T1A-GVSX-HRT01,GE_5/1/2
183,AMSTERDAM,AM-T1A-A99X-HRT01,TE_1/1/14,AM-T1A-HRT03,TE_3/2/1
184,LONDON2,LN2-T1A-LDNX-HRT02,TE_1/2/3,LN-T1A-RT11-PE,TENGIGABITETHERNET7/2
185,HONGKONG2,HK2-T1A-KTHX-HRT02,GE_1/1/5,HK2-T1A-RT01,GIGABITETHERNET4/1/0
186,JAKARTA,JK-T1A-ACGKA-ACN-RT01,GIGABITETHERNET0/0/1,JK-T1A-ACGKA-ACN-RT02,GIGABITETHERNET0/0/1
187,FRANKFURT2,FFT2-T1A-FEQX-HRT01,TE_1/1/13,FFT2-T1A-FEQ-RT02,TENGIGABITETHERNET4/2
188,PARIS,PAR-T1A-P96X-HCR01,GE_1/1/4,PAR2-T1A-RT01,GIGABITETHERNET3/0/3
189,LOS ANGELES,LA-T1A-27GX-HPE01,GE_5/1/2,LA-T1A-CR02,GIGABITETHERNET3/12
190,NEW YORK,NY-T1A-RT05,GIGABITETHERNET3/1/1,NY-T1A-CR02,GIGABITETHERNET3/4
191,ASHBURN,ASH-T1A-AE6X-HRT03,TE_1/1/14,ASH-T1A-AE6X-HRT01,TE_1/1/13
192,NEW JERSEY,NJ-T1A-NJYX-CR02,TENGIGABITETHERNET8/2,NJ-T1A-NJYX-HPE01,TE_9/1/2
193,AMSTERDAM,AM-T1A-HRT03,TE_1/2/1,FFT-T1A-FNM-HCR01,TE_1/1/1
194,SINGAPORE2,SI2-T1A-SVQX-HCR01,TE_5/2/2,EMI-T1A-CR01,TENGIGABITETHERNET4/2
195,LOS ANGELES,LA-T1A-27GX-HPE01,TE_5/1/13,LA-T1A-CR02,TENGIGABITETHERNET2/2
196,KUALALAMPUR,KL-T1A-KVDX-RT03,GIGABITETHERNET0/0/0,KL-T1A-KVDX-HRT01,GE_1/1/9
197,TOKYO,TK-T1A-T0VX-HPE01,TE_1/1/14,TK-T1A-T0VX-HCR01,TE_2/2/3
198,PARIS,PAR-T1A-P96X-HCR01,GE_5/2/2,PAR-T1A-RT03,GIGABITETHERNET3/0/3
199,SYDNEY,SY-T1A-RT01,GIGABITETHERNET4/0/1,SY-T1A-RT03,GIGABITETHERNET3/0/1
200,TOKYO,TK-T1A-T0VX-HCR01,TE_2/1/4.105,HK-T1A-CR02,TENGIGABITETHERNET9/2.105
201,SEOUL,SEO-T1A-AICNA-ACN-RT01,GIGABITETHERNET0/0/1,SEO-T1A-AICNA-ACN-RT02,GIGABITETHERNET0/0/1
202,FRANKFURT,FFT-T1A-FNMX-HCR02,TE_1/2/1,FFT-T1A-FNM-HPE01,TE_5/1/14
203,DUBLIN,DUB-T1A-RT01,GIGABITETHERNET3/0/1,DUB-T1A-RT02,GIGABITETHERNET3/0/1
204,MANCHESTER,MAN-T1A-UKUX-HRT01,GE_5/1/2,LN-T1A-HCR01,GE_2/1/8
205,LONDON2,LN2-T1A-LDNX-HRT01,TE_5/1/13,LN-T1A-RT11-PE,TENGIGABITETHERNET7/1
206,SINGAPORE2,SI2-T1A-SVQX-HCR01,TE_1/1/13,SI2-T1A-SVQX-HCR02,TE_1/1/13
207,CRESSEX,CRX-T1A-HW1X-HRT02,TE_5/1/13,CRX-T1A-HW1X-HRT99,TE_2/1/13
208,LOS ANGELES,LA-T1A-27GX-HPE01,GE_5/1/1,LA-T1A-CR02,GIGABITETHERNET3/11
209,AMSTERDAM,AM-T1A-HRT03,TE_4/1/2,FFT-T1A-FNM-HCR01,TE_4/1/2
210,NEW JERSEY,NJ-T1A-NJYX-HCR01,TE_5/2/3,NY-T1A-CR03,TENGIGABITETHERNET7/2
211,STOCKHOLM,STO-T1A-STKX-HRT01,GE_1/3/6,STO-T1A-STKX-HRT02,GE_1/1/11
212,NEW YORK,NY-T1A-RT05,GIGABITETHERNET3/1/0,NY-T1A-CR02,GIGABITETHERNET3/3
213,SANTA CLARA,SC-T1A-CR03,GIGABITETHERNET3/17,SC-T1A-S99X-HPE02,GE_10/1/11
214,MAPUTO,MAP-T1A-1Z9X-HRT01,GE_1/3/1,JO-T1A-RT01,GIGABITETHERNET7/0/3
215,STOCKHOLM,STO-T1A-STKX-HRT01,GE_1/3/4,COP-T1A-ACPHB-HRT01,GE_1/1/1
216,SYDNEY,SY-T1A-1MHX-HRT02,GE_5/1/3,AUK-T1A-RT01,GIGABITETHERNET0/0/2
217,VIETNAM2,VI2-T1A-YQLX-HRT01,GE_1/1/15,VI-T1A-RT01,GIGABITETHERNET1/0/3
218,FUJAIRAH,FUJ-T1A-HRT01,STM1_5/1/1,RYD-T1A-RT01,POS3/1/1
219,LONDON2,LN2-T1A-LDNX-HRT02,TE_3/2/2,LN2-T1A-LDNX-HRT01,TE_3/1/1
220,NEW JERSEY,NJ-T1A-NJYX-CR02,GIGABITETHERNET7/0/0,NJ-T1A-NJYX-HPE02,GE_1/1/10
221,MOSCOW,MOS-T1A-RT02,POS2/2/0,FFT-T1A-FNM-HCR01,STM4_4/2/1
222,PARIS,PAR-T1A-P96X-HCR01,TE_5/2/13,PAR2-T1A-PVUX-HRT02,TE_1/2/1
223,NEW YORK,NY-T1A-CR03,GIGABITETHERNET3/15,NY-T1A-N99X-HPE02,GE_1/1/12
224,SINGAPORE2,SI2-T1A-SVQX-HCR01,TE_5/2/1,SI2-T1A-SVQX-HCR02,TE_5/2/1
225,DUBAI,DU-T1A-RT01,GIGABITETHERNET4/0/0,DU-T1A-RT03,GIGABITETHERNET4/0/0
226,ATLANTA,ATL-T1A-A56X-HRT01,TE_5/1/14,ASH-T1A-AE6X-HRT01,TE_5/1/14
227,HONGKONG,HK-T1A-RT02-PE,GIGABITETHERNET4/0/2,HK-T1A-H99X-HCR01,GE_5/1/4
228,SYDNEY2,SY2-T1A-0PPX-HRT01,GE_5/1/4,AUK-T1A-RT01,GIGABITETHERNET1/0/2
229,DURBAN,DUR-T1A-EAOX-HRT01,GE_5/1/6,CAP-T1A-ACPTA-ACN-RT02,GIGABITETHERNET0/0/0
230,NEW JERSEY,NJ-T1A-NJYX-HCR01,TE_5/2/1,NJ-T1A-NJYX-HCR02,TE_1/1/13
231,PARIS,PAR-T1A-P96X-HCR01,GE_5/2/8,LSB-T1A-PV9X-HRT01,GE_1/6/1
232,DURBAN,DUR-T1A-EAOX-HRT01,GE_5/1/1,CAP-T1A-EAGX-HRT02,GE_5/1/1
233,TOKYO,TK-T1A-T0VX-HCR02,GE_1/1/12,TK2-T1A-RT01,GIGABITETHERNET1/0/1
234,MAURITIUS,MAU-T1A-RT02,GIGABITETHERNET0/0/0,MAU-T1A-RT01,GIGABITETHERNET0/0/0
235,SINGAPORE2,SI2-T1A-SVQX-HCR01,GE_1/1/11,JK-T1A-RT01,GIGABITETHERNET1/2/0
236,SYDNEY2,SY2-T1A-0PPX-HRT01,TE_1/1/14,MLB2-T1A-JN1X-HRT01,TE_3/1/4
237,MIAMI,MIA-T1A-RT01,POS2/2/0,DA-T1A-RT03,POS8/0/0
238,CHICAGO,CH-T1A-RT01,GIGABITETHERNET4/0/0,CH-T1A-RT03,GIGABITETHERNET3/0/0
239,TORONTO,TOR-T1A-T6UX-HRT01,GE_2/2/1,TOR-T1A-T6UX-RT02,GIGABITETHERNET0/1/1
240,NEW YORK,NY-T1A-N99X-HCR01,TE_1/1/14,NY-T1A-CR03,TENGIGABITETHERNET2/2
241,ASHBURN,ASH-T1A-AE6X-RT04,GIGABITETHERNET1/0/1,ASH-T1A-AE6X-HRT01,GE_3/2/12
242,NEW YORK,NY-T1A-N99X-HCR01,GE_1/1/6,BOS-T1A-RT01,GIGABITETHERNET0/0/2
243,TOKYO,TK-T1A-T0VX-HPE02,TE_1/1/13,TK-T1A-T0VX-HCR01,TE_2/1/1
244,TORONTO,TOR-T1A-T6UX-HRT01,GE_5/1/11,TOR-T1A-RT02,GE-3/1/0.0
245,SEATTLE2,SEA2-T1A-EMSX-HRT01,TE_1/1/14,SEA-T1A-00SX-HPE01,TE_5/1/13
246,LONDON,LN-T1A-HCR01,STM4_4/2/2,MOS-T1A-RT01,POS2/2/0
247,TOKYO,TK-T1A-T0VX-HCR01,GE_1/1/8,OSA-T1A-RT01,GIGABITETHERNET2/0/4
248,LONDON2,LN2-T1A-LDNX-HRT02,TE_3/2/3,LN-T1A-RT11-PE,TENGIGABITETHERNET3/1
249,SINGAPORE,SI-T1A-HCR01,GE_2/1/3,SI-T1A-SVWX-RT07-ASBR,GIGABITETHERNET0/3
250,OSAKA,OSA-T1A-RT01,GIGABITETHERNET3/0/1,OSA-T1A-RT02,GIGABITETHERNET2/0/1
251,MANILA,MLA-T1A-P98X-HRT01,GE_2/1/7,MLA-T1A-P98X-RT03,GIGABITETHERNET0/0/0
252,TORONTO,TOR-T1A-RT02,GE-2/1/0.0,TOR-T1A-RT01,GE-2/1/0.0
253,DALLAS,DA-T1A-RT01,GIGABITETHERNET2/2/2,DA-T1A-D0VX-HPE01,GE_2/2/13
254,KUALALAMPUR,KL-T1A-KKZX-ACN-RT01,GIGABITETHERNET0/2/1,KL-T1A-KVDX-HRT01,GE_1/1/10
255,TOKYO,TK-T1A-T0VX-HCR02,TE_3/1/2,TK-T1A-T0VX-HCR01,TE_5/1/14
256,LONDON,LN-T1A-RT06-CE,GIGABITETHERNET0/3,LN-T1A-RT04-PE,GIGABITETHERNET1/30
257,NEW YORK,NY-T1A-CR03,TENGIGABITETHERNET4/2,NY-T1A-N99X-HPE01,TE_10/1/14
258,SINGAPORE2,SI2-T1A-SVQX-HCR01,GE_1/1/5,SI2-T1A-RT02,GIGABITETHERNET7/2
259,SYDNEY,SY-T1A-M3HX-HRT01,GE_5/1/9,SY-T1A-RT01,GIGABITETHERNET4/1/2
260,SYDNEY,SY-T1A-1MHX-HRT02,STM16_1/2/1,TK-T1A-T0VX-HCR01,STM16_1/2/4
261,CHICAGO,CH-T1A-CT8X-HPE01,TE_5/1/13,DA-T1A-RT03,TENGIGABITETHERNET4/1
262,ISRAEL,ISL-T1A-XXGX-HRT01,GE_2/1/19,ISL-T1A-ATLVA-ACN-RT01,GIGABITETHERNET0/0/0
263,SINGAPORE,SI-T1A-SVWX-HCR02,GE_1/1/6,KL2-T1A-KT1X-HRT01,GE_5/1/3
264,HONGKONG,HK-T1A-H99X-HCR01,TE_5/1/13,HK-T1A-H99X-HPE01,TE_10/1/13
265,ISRAEL,ISL-T1A-ATLVA-ACN-RT01,GIGABITETHERNET0/1/0,ISL-T1A-ATLVA-ACN-RT02,GIGABITETHERNET0/1/0
266,NEW JERSEY,NJ-T1A-NJYX-HCR02,TE_1/2/1,NJ-T1A-NJYX-HPE01,TE_3/2/3
267,ASHBURN,ASH-T1A-AE6X-HRT03,TE_2/2/1,ASH-T1A-AE6X-HRT01,TE_5/1/13
268,NEW JERSEY,NJ-T1A-NJYX-CR02,TENGIGABITETHERNET2/1,LA-T1A-CR02,TENGIGABITETHERNET2/1
269,LOS ANGELES,LA-T1A-27GX-HPE01,TE_2/2/3,LA-T1A-27GX-HCR01,TE_5/1/1
270,LOS ANGELES,LA-T1A-RT02,GIGABITETHERNET3/0/0,LA-T1A-CR01,GIGABITETHERNET3/2
271,JOHANNESBURG2,JOB2-T1A-JHBX-HRT01,GE_5/1/1,JOB-T1A-EOPX-HRT01,GE_1/1/1
272,NARITA,NAR-T1A-ANRT1X-ACN-RT01,GIGABITETHERNET0/0/0.1401,TK-T1A-T0VX-HCR01,GE_5/1/10.1401
273,FRANKFURT2,FFT2-T1A-FEQX-HRT01,GE_5/1/1,FFT2-T1A-FEQ-RT02,GIGABITETHERNET7/1
274,DALLAS,DA-T1A-D0VX-HPE01,TE_1/1/13,DA-T1A-RT03,TENGIGABITETHERNET4/2
275,HONGKONG,HK-T1A-H99X-HPE02,GE_1/1/8,HK-T1A-RT08-PE,GIGABITETHERNET4/5
276,SINGAPORE,TCX-T1A-IH4X-HRT02,GE_2/1/25,TCX-T1A-IH4X-HRT01,GE_2/1/25
277,SANTA CLARA,SC-T1A-SV1X-HCR01,TE_1/1/13,NY-T1A-CR03,TENGIGABITETHERNET7/1
278,JOHANNESBURG2,JOB2-T1A-JHBX-HRT01,GE_1/1/4,MAP-T1A-1Z9X-HRT01,GE_1/7/3
279,KAMPALA,KAM-T1A-HRT01,GE_1/1/2,DAR-T1A-HRT01,GE_1/7/2
280,PARIS,PAR-T1A-P96X-HCR01,TE_2/2/3,PAR-T1A-PV0X-HPE01,TE_1/1/14
281,LOS ANGELES,LA-T1A-CR01,GIGABITETHERNET3/16,LA-T1A-CR02,GIGABITETHERNET3/16
282,SINGAPORE2,SI2-T1A-SVQX-HCR02,GE_1/1/5,SI2-T1A-RT01,GIGABITETHERNET3/0/1
283,BUDAPEST,BUD-T1A-RT01,GIGABITETHERNET3/0/0,BUD-T1A-RT02,GIGABITETHERNET3/0/0
284,CAPE TOWN,CAP-T1A-EAGX-HRT01,GE_1/1/4,CAP-T1A-RT01,GIGABITETHERNET0/3
285,VIETNAM2,VI2-T1A-YQLX-HRT01,GE_2/1/25,VI-T1A-ASGNA-ACN-RT02,GIGABITETHERNET0/0/0
286,LONDON,LN-T1A-L78X-HCR02,GE_1/1/3,LN-T1A-RT05,GIGABITETHERNET3/0/0
287,FRANKFURT2,FFT2-T1A-FEQX-HRT01,TE_2/1/14,FFT2-T1A-FEQ-RT02,TENGIGABITETHERNET8/2
288,MELBOURNE2,MLB2-T1A-JN1X-HRT01,TE_2/2/14,MLB-T1A-1MEX-HRT01,TE_5/1/14
289,SYDNEY,SY-T1A-M3HX-HRT01,TE_5/1/13,SY-T1A-1MHX-HRT02,TE_3/1/13
290,HELSINKI,HEL1-T1A-HRT01,GE_2/1/2,FFT-T1A-FNM-HCR01,GE_2/1/9
291,PARIS,PAR-T1A-P96X-HCR01,TE_5/2/14,LN-T1A-HCR01,TE_3/1/14
292,FRANKFURT,FFT-T1A-FNMX-HCR02,GE_5/1/7,WA-T1A-WZNX-HRT01,GE_1/1/11
293,SYDNEY,SY-T1A-M3HX-HRT01,TE_1/1/13,SY-T1A-1MHX-HRT02,TE_1/1/13
294,MADRID,MA-T1A-WV6X-HRT01,GE_3/2/20,PAR-T1A-PV0X-HPE01,GE_2/2/20
295,SINGAPORE2,SI2-T1A-SVQX-HCR02,GE_2/2/4,SI2-T1A-SVQX-HPE01,GE_3/1/13
296,ATLANTA,ATL-T1A-A56X-HRT01,TE_5/1/13,ATL-T1A-RT02,TENGIGABITETHERNET7/1
297,LONDON,LN-T1A-HCR01,TE_4/1/4,LN-T1A-L78X-HPE02,TE_3/1/13
298,CHICAGO,CH-T1A-RT01,GIGABITETHERNET7/1/3,CH-T1A-CT8X-HPE01,GE_1/1/1
299,MIAMI,MIA-T1A-MLNX-HPE02,GE_1/1/10,ATL-T1A-A56X-RT04,GIGABITETHERNET0/0/1
300,SINGAPORE,SI-T1A-HCR01,TE_2/2/4:101,TK-T1A-T0VX-HCR01,TE_2/1/3:101
301,ATLANTA,ATL-T1A-A56X-HRT01,TE_1/1/13,ATL-T1A-RT02,TENGIGABITETHERNET4/1
302,NEW JERSEY,NJ-T1A-NJYX-HCR02,TE_3/1/1,NJ-T1A-NJYX-HPE02,TE_1/1/14
303,NEW YORK,NY-T1A-RT01,GIGABITETHERNET4/0/1,NY-T1A-CR02,GIGABITETHERNET3/7
304,AMSTERDAM,AM-T1A-A99X-HRT01,TE_5/1/13,AM-T1A-HRT03,TE_1/1/14
305,TOKYO3,EMI-T1A-CR01,POS1/1/0,TK2-T1A-RT01,POS1/1/1
306,MANILA,MLA-T1A-P98X-HRT02,GE_1/1/9,MLA-T1A-P98X-RT03,GIGABITETHERNET1/0/2
307,ASHBURN,ASH-T1A-AE6X-HRT03,GE_1/1/9,ASH-T1A-AE6X-RT04,GIGABITETHERNET0/0/3
308,NEW YORK,NY-T1A-CR03,GIGABITETHERNET3/14,NY-T1A-N99X-HPE02,GE_1/1/11
309,SINGAPORE2,SI2-T1A-SVQX-HCR01,STM1_1/2/1,JK-T1A-RT01,POS1/1/0
310,NEW YORK,NY-T1A-RT01,GIGABITETHERNET3/1/0,NY-T1A-CR02,GIGABITETHERNET3/1
311,SINGAPORE,SI-T1A-SVWX-HCR02,TE_1/1/13,SI2-T1A-SVQX-HCR02,TE_1/1/14
312,LONDON,LN-T1A-L78X-HCR02,TE_5/2/1,LN-T1A-HCR01,TE_2/1/14
313,JAKARTA,JK-T1A-ACGKA-ACN-RT01,GIGABITETHERNET0/1/0,JK-T1A-ACGKA-ACN-RT02,GIGABITETHERNET0/1/0
314,LOS ANGELES,LA-T1A-27GX-HPE01,GE_1/1/1,LA-T1A-CR01,GIGABITETHERNET3/3
315,GABORONE,GAB-T1A-7B6X-HRT01,GE_1/7/3,HAR-T1A-HRT01,GE_1/7/3
316,NEW YORK,NY-T1A-RT01,GIGABITETHERNET3/1/2,NY-T1A-CR03,GIGABITETHERNET3/1
317,NARITA,NAR-T1A-ANRT1X-ACN-RT01,GIGABITETHERNET0/1/0,NAR-T1A-ANRT1X-ACN-RT02,GIGABITETHERNET0/1/0
318,CAPE TOWN,CAP-T1A-RT01,GIGABITETHERNET0/1,CAP-T1A-RT02,GIGABITETHERNET0/1
319,NEW JERSEY,NJ-T1A-NJYX-HCR01,TE_5/1/4:541,SEA-T1A-00SX-HPE01,TE_5/1/14:541
320,SINGAPORE2,SI2-T1A-SVQX-HCR02,GE_1/1/1,KL-T1A-KVDX-HRT01,GE_1/1/6
321,LOS ANGELES,LA-T1A-CR01,TENGIGABITETHERNET2/1,SC-T1A-CR03,TENGIGABITETHERNET2/1
322,SINGAPORE2,SI2-T1A-SVQX-HCR01,GE_1/1/6,DHA-T1A-RT01,GIGABITETHERNET1/0/1
323,TOKYO,TK-T1A-T0VX-HCR02,TE_1/1/14,TK-T1A-T0VX-HPE02,TE_5/1/13
324,SANTA CLARA,SC-T1A-CR03,GIGABITETHERNET3/12,SC-T1A-S99X-HPE01,GE_1/1/11
325,STOCKHOLM,STO-T1A-STKX-HRT02,GE_2/1/43,STO-T1A-RT04,GIGABITETHERNET1/0/1
326,HONGKONG2,HK2-T1A-KTHX-HRT01,TE_5/1/13,SI2-T1A-SVQX-HCR01,TE_5/2/3
327,JOHANNESBURG2,JOB2-T1A-JHBX-HRT01,GE_5/1/4,NAM-T1A-XTNX-HRT01,GE_1/10/1
328,DHAKA,DHA-T1A-AD8X-RT99,GIGABITETHERNET1/0/0,DHA-T1A-RT01,GIGABITETHERNET0/0/2
329,HIGH BRIDGE,HBG-T1A-HB9X-HRT01,TE_2/2/4,HBG-T1A-HB9X-HRT02,TE_5/1/13
330,DUBAI,DU-T1A-RT01,POS9/0/0,FUJ-T1A-HRT01,STM4_5/1/11
331,HONGKONG2,HK2-T1A-KTHX-HRT01,TE_1/1/13,HK2-T1A-RT01,TENGIGABITETHERNET8/2
332,LONDON,LN-T1A-HCR01,TE_4/1/1,HEL2-T1A-HRT01,TE_2/1/13
333,PERTH,PER-T1A-H9UX-HRT01,GE_5/1/10,SI-T1A-HCR01,GE_2/1/10
334,MANILA,MLA-T1A-P98X-HRT01,GE_2/1/9,MLA-T1A-P98X-RT03,GIGABITETHERNET0/0/1
335,HONGKONG,HK-T1A-RT08-PE,GIGABITETHERNET1/0/2,HK-T1A-CR02,GIGABITETHERNET7/0/2
336,SYDNEY2,SY2-T1A-0PPX-HRT01,GE_1/1/11,SY-T1A-1MHX-HRT02,GE_1/1/3
337,NEW YORK,NY-T1A-N99X-HCR01,TE_5/1/14,NY-T1A-N99X-HPE02,TE_1/1/13
338,DOHA2,DOH2-T1A-UN4X-HRT01,STM4_1/2/9,DOH-T1A-RT01,POS0/2/0
339,HONGKONG2,HK2-T1A-KTHX-HRT01,TE_1/1/14,HK2-T1A-KTHX-HRT02,TE_1/1/13
340,FRANKFURT,FFT-T1A-FNM-HCR01,TE_3/1/14,FFT-T1A-FNM-HPE01,TE_2/1/13
341,ISTANBUL,IST-T1A-RT01,GIGABITETHERNET3/0/2,FFT-T1A-FNM-HCR01,GE_2/1/5
342,NEW YORK,NY-T1A-CR03,GIGABITETHERNET3/16,NY-T1A-N99X-HPE02,GE_10/1/11
343,LONDON,LN-T1A-HCR01,TE_2/1/13,LN-T1A-L78X-HPE01,TE_1/1/13
344,HELSINKI,HEL1-T1A-HRT01,GE_4/1/7,HEL2-T1A-HRT01,GE_4/1/6
345,SINGAPORE2,SI2-T1A-SVQX-HCR01,GE_1/1/4,SI2-T1A-RT02,GIGABITETHERNET7/3
346,NEW YORK,NY-T1A-N99X-HPE01,TE_10/1/13,NY-T1A-N99X-HPE02,TE_10/1/13
347,MAURITIUS,MAU-T1A-RT02,GIGABITETHERNET1/0/0,MAU-T1A-RT01,GIGABITETHERNET1/0/0
348,PARIS,PAR-T1A-P96X-HCR02,GE_1/1/1,PAR-T1A-RT03,GIGABITETHERNET2/1/3
349,SINGAPORE2,SI2-T1A-SVQX-HCR01,TE_5/2/4,SI2-T1A-SVQX-HPE02,TE_1/1/13
350,LONDON,LN-T1A-L78X-HCR02,TE_2/2/4,LN-T1A-HCR01,TE_4/1/2
351,TOKYO,TK-T1A-T0VX-HCR02,TE_1/1/13,EMI-T1A-CR01,TENGIGABITETHERNET7/1
352,NEW JERSEY,NJ-T1A-NJYX-HCR01,GE_1/1/10,NJ-T1A-NJYX-CR02,GIGABITETHERNET7/0/2
353,LONDON,LN-T1A-L78X-HCR02,TE_2/2/2,AM-T1A-A99X-HRT01,TE_1/1/13
354,TORONTO,TOR-T1A-T6UX-HRT01,GE_1/1/11,TOR-T1A-RT01,GE-3/1/0.0
355,TORONTO,TOR-T1A-T6UX-HRT01,GE_1/1/5,TOR-T1A-T6UX-RT02,GIGABITETHERNET0/0/0
356,MANILA,MLA-T1A-P98X-HRT02,TE_1/1/13,MLA-T1A-P98X-HRT01,TE_1/1/13
357,NEW YORK,NY-T1A-N99X-HCR01,GE_5/1/3,NY-T1A-RT02,GIGABITETHERNET1/10
358,MANCHESTER,MAN-T1A-UKUX-HRT01,GE_1/1/6,AM-T1A-HRT03,GE_1/1/6
359,STOCKHOLM,STO-T1A-STKX-HRT01,GE_1/7/5,STO-T1A-STKX-HRT02,GE_2/1/41
360,CAPE TOWN,CAP-T1A-ACPTA-ACN-RT01,GIGABITETHERNET0/0/1,CAP-T1A-ACPTA-ACN-RT02,GIGABITETHERNET0/0/1
361,HONGKONG,HK-T1A-H99X-HCR01,TE_1/1/13,HK-T1A-CR02,TENGIGABITETHERNET3/1
362,LOS ANGELES,LA-T1A-27GX-HCR01,GE_1/1/2,LA-T1A-RT02,GIGABITETHERNET7/1/4
363,HONGKONG,HK-T1A-RT02-PE,GIGABITETHERNET2/4.299,SI-T1A-SVWX-HPE02,TE_1/1/13:299
364,DURBAN,DUR-T1A-EAOX-HRT01,GE_1/1/1,JOB2-T1A-JHBX-HRT01,GE_1/1/1
365,HONGKONG,HK-T1A-H99X-HCR01,GE_1/1/4,HK-T1A-RT09-ASBR,GIGABITETHERNET0/1/2
366,HONGKONG,HK-T1A-H99X-HCR01,TE_4/1/3,SEO2-T1A-OO7X-HRT01,TE_1/1/14
367,TOKYO,TK-T1A-T0VX-HCR02,TE_3/1/1,TK-T1A-T0VX-HPE01,TE_3/1/3
368,NEW YORK,NY-T1A-N99X-HCR01,GE_1/1/12,NY-T1A-RT04,GIGABITETHERNET0/1
369,JOHANNESBURG,JO-T1A-AJNBA-ACN-RT02,GIGABITETHERNET0/1/0,JO-T1A-AJNBA-ACN-RT01,GIGABITETHERNET0/1/0
370,SINGAPORE,SI-T1A-HCR01,TE_2/1/14,SI-T1A-SVWX-HPE01,TE_1/1/13
371,TAIPEI,TAI-T1A-TJ5X-HRT02,GE_1/1/11,TAI-T1A-RT01,GIGABITETHERNET3/0/0
372,SINGAPORE2,SI2-T1A-SVQX-HCR02,GE_1/1/4,SI2-T1A-RT01,GIGABITETHERNET3/0/0
373,PARIS,PAR-T1A-P96X-HCR02,TE_3/1/3,LN2-T1A-LDNX-HRT01,TE_4/2/13
374,MELBOURNE,MLB-T1A-1MEX-HRT01,GE_1/1/11,MLB-T1A-RT01,GIGABITETHERNET7/0/4
375,SYDNEY,SY-T1A-RT01,GIGABITETHERNET4/0/0,SY-T1A-RT03,GIGABITETHERNET3/0/0
376,NEW YORK,NY-T1A-N99X-HCR01,TE_2/2/1,NY-T1A-N99X-HPE01,TE_1/1/13
377,KUALALAMPUR2,KL2-T1A-KT1X-HRT01,GE_1/1/5,KL-T1A-KVDX-HRT01,GE_1/1/8
378,CHICAGO,CH-T1A-RT03,TENGIGABITETHERNET4/2,NY-T1A-CR03,TENGIGABITETHERNET9/2
379,FRANKFURT,FFT-T1A-FNMX-HCR02,TE_5/1/14,FFT-T1A-HPE02,TE_3/1/14
380,FRANKFURT,FFT-T1A-FNMX-HCR02,TE_3/1/4,FFT2-T1A-FEQ-RT02,TENGIGABITETHERNET8/1
381,SINGAPORE2,SI2-T1A-SVQX-HCR01,GE_1/1/8,BNK-T1A-RT01,GIGABITETHERNET0/0/1
382,JOHANNESBURG,JOB-T1A-EOPX-HRT01,GE_5/1/4,JO-T1A-RT01,GIGABITETHERNET7/0/4
383,TAIPEI,TAI-T1A-TJ5X-HRT02,STM4_1/2/1,TK-T1A-T0VX-HCR01,STM4_5/2/10
384,SINGAPORE,SI-T1A-ASINX-ACN-RT02,GIGABITETHERNET0/0/0,SI-T1A-HCR01,GE_2/1/8
385,MANILA2,MLA2-T1A-GX0X-HRT01,TE_1/1/13,MLA-T1A-P98X-HRT02,TE_1/1/14
386,TORONTO,TOR-T1A-T6UX-HRT01,TE_5/1/14,TOR2-T1A-TTTX-HRT01,TE_5/1/13
387,LONDON2,LN2-T1A-LDNX-HRT02,TE_1/2/2,LN2-T1A-LDNX-HRT01,TE_1/1/13
388,WARSAW,WA-T1A-WZNX-HRT02,GE_1/1/12,WA-T1A-WZNX-HPE01,GE_1/9/4
389,BALI,BAL-T1A-EAHX-ACN-RT01,GIGABITETHERNET0/0/0,JK-T1A-RT01,GIGABITETHERNET0/0/3
390,SEOUL,SEO-T1A-AICNA-ACN-RT01,GIGABITETHERNET0/1/0,SEO-T1A-AICNA-ACN-RT02,GIGABITETHERNET0/1/0
391,KUALALAMPUR2,KL2-T1A-KT1X-HRT01,GE_1/1/1,KL-T1A-KVDX-HRT01,GE_2/1/6
392,SINGAPORE2,SI2-T1A-SVQX-HCR02,GE_1/1/6,TCX-T1A-IH4X-HRT02,GE_2/1/31
393,NEW JERSEY,NJ-T1A-NJYX-CR02,TENGIGABITETHERNET4/2,NJ-T1A-NJYX-HPE02,TE_10/1/14
394,LOS ANGELES,LA-T1A-CR01,TENGIGABITETHERNET4/2,LA-T1A-CR02,TENGIGABITETHERNET4/2
395,NEW YORK,NY-T1A-N99X-HCR01,GE_5/1/1,NY-T1A-RT05,GIGABITETHERNET3/1/2
396,HONGKONG,HK-T1A-RT02-PE,GIGABITETHERNET2/7.199,SI-T1A-SVWX-HPE02,TE_1/1/13:199
397,WARSAW,WA-T1A-WZNX-HRT01,GE_1/1/12,WA-T1A-WZNX-HPE02,GE_1/11/1
398,FRANKFURT2,FFT2-T1A-FEQX-HRT01,TE_2/1/13,PAR-T1A-P96X-HCR02,TE_5/1/1
399,RIYADH,RYD-T1A-RT01,POS3/1/0,BAH-T1A-HRT01,STM1_1/11/1
400,KUALALAMPUR,KL-T1A-YUQX-ACN-RT01,GIGABITETHERNET0/2/1,KL2-T1A-KT1X-HRT01,GE_1/1/6
401,SINGAPORE,TCX-T1A-IH4X-HRT01,GE_1/1/29,SI-T1A-HCR01,GE_3/1/8
402,SEOUL3,SEO3-T1A-OO8X-HRT01,GE_5/1/10,SEO-T1A-AICNA-ACN-RT02,GIGABITETHERNET0/0/0
403,ATLANTA,ATL-T1A-RT02,GIGABITETHERNET3/0/1,ATL-T1A-RT01,GIGABITETHERNET3/0/1
404,MIAMI,MIA-T1A-MLNX-HPE02,GE_1/1/2,MIA-T1A-RT01,GIGABITETHERNET2/1/4
405,CRESSEX,CRX-T1A-HW1X-HRT02,TE_2/2/2,CRX-T1A-HW1X-HRT99,TE_1/1/13
406,LONDON,LN-T1A-L78X-HCR02,GE_5/1/1,LN-T1A-RT04-PE,GIGABITETHERNET7/0/1
407,JOHANNESBURG,JOB-T1A-EOPX-HRT01,GE_2/2/1,GAB-T1A-7B6X-HRT01,GE_1/3/1
408,BANGKOK2,BNK2-T1A-C9VX-HRT01,GE_1/3/1,HK-T1A-H99X-HCR01,GE_1/1/8
409,HONGKONG,HK-T1A-RT08-PE,GIGABITETHERNET1/0/1,HK-T1A-CR02,GIGABITETHERNET1/0/1
410,HONGKONG,HK-T1A-H99X-HCR01,TE_3/1/2,TK-T1A-T0VX-HCR01,TE_2/1/2
411,LONDON,LN-T1A-HCR01,GE_3/1/1,LN-T1A-RT04-PE,GIGABITETHERNET9/0/1
412,CRESSEX,CRX-T1A-HW1X-HRT99,TE_1/2/14,LN-T1A-HCR01,TE_1/2/2
413,HONGKONG,HK-T1A-H99X-HCR01,GE_5/1/2,HK-T1A-RT08-PE,GIGABITETHERNET3/0/4
414,NEW JERSEY,NJ-T1A-NJYX-HCR01,TE_5/1/3,NY-T1A-CR03,TENGIGABITETHERNET2/1
415,NEW YORK,NY-T1A-N99X-HCR01,GE_5/1/2,NY-T1A-RT05,GIGABITETHERNET8/1/1
416,LONDON2,LN2-T1A-LDNX-HRT02,GE_1/1/2,LN-T1A-RT05,GIGABITETHERNET3/0/3
417,LOS ANGELES,LA-T1A-RT02,GIGABITETHERNET7/0/1,LA-T1A-CR02,GIGABITETHERNET3/2
418,NEW YORK,NY-T1A-N99X-HCR01,TE_5/1/13,ASH-T1A-AE6X-HRT03,TE_1/1/13
419,NEW YORK,NY-T1A-N99X-HCR01,GE_1/1/2,NY-T1A-RT01,GIGABITETHERNET4/1/4
420,MELBOURNE,MLB-T1A-1MEX-HRT01,GE_5/1/1,MLB-T1A-RT01,GIGABITETHERNET3/0/1
421,SINGAPORE,SI-T1A-ASINX-ACN-RT02,GIGABITETHERNET0/0/1,SI-T1A-ASINX-ACN-RT01,GIGABITETHERNET0/0/1
422,PARIS,PAR-T1A-P96X-HCR01,TE_1/2/1,FFT-T1A-FNMX-HCR02,TE_3/1/1
423,MANILA,MLA-T1A-P98X-HRT01,TE_2/1/14,SI-T1A-HCR01,TE_3/1/14
424,BALI,BAL-T1A-EAHX-ACN-RT01,GIGABITETHERNET0/1/0,BAL-T1A-EAHX-ACN-RT02,GIGABITETHERNET0/1/0
425,LONDON,LN-T1A-L78X-HCR02,TE_5/2/4,LN2-T1A-LDNX-HRT01,TE_5/1/14
426,JOHANNESBURG,JO-T1A-AJNBA-ACN-RT02,GIGABITETHERNET0/0/1,JO-T1A-AJNBA-ACN-RT01,GIGABITETHERNET0/0/1
427,NEW YORK,NY-T1A-N99X-HCR01,GE_5/1/7,NY-T1A-N99X-HRV01,GE_1/1/1
428,SINGAPORE,SI-T1A-ASINX-ACN-RT02,GIGABITETHERNET0/1/0,SI-T1A-ASINX-ACN-RT01,GIGABITETHERNET0/1/0
429,MIAMI,MIA-T1A-MLNX-HPE02,TE_1/1/14,ATL-T1A-A56X-HRT01,TE_1/1/14
430,MANILA,MLA-T1A-AMNLA-ACN-RT01,GIGABITETHERNET0/0/1,MLA-T1A-AMNLA-ACN-RT02,GIGABITETHERNET0/0/1
431,VIETNAM,VI-T1A-ASGNA-ACN-RT01,GIGABITETHERNET0/1/0,VI-T1A-ASGNA-ACN-RT02,GIGABITETHERNET0/1/0
432,TOKYO,TK-T1A-T0VX-HCR02,TE_1/2/1,TK-T1A-T0VX-HCR01,TE_1/1/14
433,NEW YORK,NY-T1A-RT05,GIGABITETHERNET8/2/2,NY-T1A-CR03,GIGABITETHERNET3/5
434,HANEDA,HAN-T1A-AHNDAX-ACN-RT02,GIGABITETHERNET0/1/0,HAN-T1A-AHNDAX-ACN-RT01,GIGABITETHERNET0/1/0
435,NARITA,NAR-T1A-ANRT1X-ACN-RT02,GIGABITETHERNET0/0/0.1411,TK2-T1A-RT01,GIGABITETHERNET0/0/4.1411
436,TOKYO,TK-T1A-T0VX-HRV01,GE_5/1/1,TK-T1A-T0VX-HCR02,GE_1/1/4
437,BANGKOK2,BNK2-T1A-C9VX-HRT01,GE_1/7/1,BNK-T1A-RT01,GIGABITETHERNET0/0/2
438,SEOUL2,SEO2-T1A-OO7X-HRT01,TE_5/1/14,SEO3-T1A-OO8X-HRT01,TE_1/1/13
439,FRANKFURT,FFT-T1A-FNM-HCR01,GE_3/1/4,FFT-T1A-RT07-ASBR,GIGABITETHERNET0/0/3
440,BUDAPEST,BUD-T1A-RT01,GIGABITETHERNET3/0/1,BUD-T1A-RT02,GIGABITETHERNET3/0/1
441,TORONTO,TOR-T1A-T6UX-HRT01,GE_2/2/3,TOR-T1A-T6UX-RT04,GIGABITETHERNET0/0/0
442,MIAMI,MIA-T1A-MLNX-HPE02,GE_1/1/12,MIA-T1A-RT05-ASBR,GIGABITETHERNET1/0/0
443,HONGKONG,HK-T1A-H99X-HCR01,TE_3/1/4,MLA2-T1A-GX0X-HRT01,TE_5/1/13
444,MILAN,MIL-T1A-RT02,GIGABITETHERNET2/2/3,FFT-T1A-FNM-HCR01,GE_2/1/11
445,NEW YORK,NY-T1A-RT04,GIGABITETHERNET0/2,NY-T1A-CR03,GIGABITETHERNET3/8
446,JOHANNESBURG,JO-T1A-RT01,POS3/2/0,MAU-T1A-RT01,POS1/1/0
447,WARSAW,WA-T1A-WZNX-HRT01,TE_2/1/13,WA-T1A-WZNX-HRT02,TE_2/1/13
448,BANGKOK2,BNK2-T1A-C9VX-HRT01,GE_1/8/1,BNK-T1A-AAAFQX-ACN-RT01,GIGABITETHERNET0/2/1
449,LUANDA,LUA-T1A-ALADA-ACN-RT01,GIGABITETHERNET0/0/0,LUA-T1A-7B5X-HRT01,GE_1/9/5
450,LONDON,LN-T1A-RT02,GIGABITETHERNET0/1,LN-T1A-HCR01,GE_2/1/5
451,HONGKONG,HK-T1A-H99X-HCR01,GE_5/1/1,HK-T1A-RT08-PE,GIGABITETHERNET3/0/3
452,JAKARTA2,JK2-T1A-IJNX-RT01,POS1/1/0,SI-T1A-HCR01,STM1_5/2/1
453,JOHANNESBURG,JO-T1A-RT01,POS3/2/1,DAR-T1A-HRT01,STM1_1/12/1
454,LOS ANGELES,LA-T1A-RT02,GIGABITETHERNET3/0/1,LA-T1A-CR01,GIGABITETHERNET3/10
455,PARIS2,PAR2-T1A-PVUX-HRT02,GE_5/1/1,PAR2-T1A-RT01,GIGABITETHERNET3/1/1
456,MADRID,MA-T1A-WV6X-HRT01,TE_1/1/14,LN-T1A-HCR01,TE_1/2/3
457,HONGKONG,HK-T1A-RT02-PE,GIGABITETHERNET4/0/0,HK-T1A-CR02,GIGABITETHERNET1/0/3
458,KAMPALA,KAM-T1A-HRT01,GE_1/1/3,NAI2-T1A-HRT01,GE_1/8/4
459,HONGKONG2,HK2-T1A-KTHX-HRT02,TE_3/1/14,EMI-T1A-CR01,TENGIGABITETHERNET9/1
460,ISRAEL,ISL-T1A-ATLVA-ACN-RT01,GIGABITETHERNET0/0/1,ISL-T1A-ATLVA-ACN-RT02,GIGABITETHERNET0/0/1
461,NEW JERSEY,NJ-T1A-NJYX-HCR01,TE_5/1/2,NJ-T1A-NJYX-CR02,TENGIGABITETHERNET8/1
462,DALLAS,DA-T1A-RT01,GIGABITETHERNET2/2/3,DA-T1A-D0VX-HPE01,GE_2/2/14
463,ATLANTA,ATL-T1A-A56X-HRT01,GE_1/1/2,ATL-T1A-RT01,GIGABITETHERNET2/2/3
464,SANTA CLARA,SC-T1A-CR03,GIGABITETHERNET3/13,SC-T1A-S99X-HPE02,GE_1/1/11
465,PARIS,PAR-T1A-P96X-HCR01,GE_5/2/1,PAR-T1A-RT03,GIGABITETHERNET2/0/0
466,NARITA,NAR-T1A-ANRT1X-ACN-RT01,GIGABITETHERNET0/0/1,NAR-T1A-ANRT1X-ACN-RT02,GIGABITETHERNET0/0/1
467,NEW JERSEY,NJ-T1A-NJYX-CR02,TENGIGABITETHERNET9/2,NJ-T1A-NJYX-HCR02,TE_1/2/3
468,MANILA,MLA-T1A-P98X-HRT02,TE_2/1/13,MLA-T1A-P98X-HRT01,TE_2/1/13
469,HONGKONG,HK-T1A-CR02,GIGABITETHERNET1/0/0,HK-T1A-RT09-ASBR,GIGABITETHERNET1/0/0
470,ZURICH,ZU-T1A-RT01,GIGABITETHERNET3/0/0,ZU-T1A-RT02,GIGABITETHERNET3/0/0
471,VIETNAM2,VI2-T1A-YQLX-HRT01,GE_2/1/15,HK-T1A-H99X-HCR01,GE_5/1/3
472,SYDNEY,SY-T1A-M3HX-HRT01,TE_4/1/14,MLB-T1A-1MEX-HRT01,TE_1/1/14
473,COPENHAGEN,COP-T1A-ACPHB-HRT01,TE_2/1/13,FFT-T1A-FNM-HCR01,TE_2/1/13
474,LUANDA,LUA-T1A-ALADA-ACN-RT02,GIGABITETHERNET0/0/0,LUA-T1A-7B5X-HRT01,GE_1/9/4
475,GENEVA,GEN-T1A-GVSX-HRT01,GE_1/1/2,ZU-T1A-RT02,GIGABITETHERNET3/0/3
476,TORONTO,TOR-T1A-T6UX-HRT01,GE_3/1/3,TOR-T1A-T6UX-RT04,GIGABITETHERNET0/1/1
477,MIAMI,MIA-T1A-MLNX-HPE02,GE_5/1/1,MIA-T1A-RT05-ASBR,GIGABITETHERNET1/0/1
478,MIAMI,MIA-T1A-MLNX-HPE02,TE_5/1/13,MIA-T1A-RT01,TENGIGABITETHERNET4/2
479,TOKYO,TK-T1A-T0VX-HCR02,GE_1/1/1,TK-T1A-T0VX-HCR01,GE_1/1/3
480,MANILA,MLA-T1A-P98X-HRT01,GE_1/1/12,MLA-T1A-AMNLA-ACN-RT02,GIGABITETHERNET0/0/0
481,RIYADH,RYD-T1A-RT01,GIGABITETHERNET4/0/2,DOH-T1A-RT01,GIGABITETHERNET0/0/2
482,NEW YORK,NY-T1A-N99X-HCR01,GE_1/1/4,BRZ-T1A-XXHX-HRT01,GE_1/1/3
483,MANILA,MLA-T1A-P98X-HRT02,GE_1/1/7,MLA-T1A-P98X-RT03,GIGABITETHERNET1/0/0
484,NEW JERSEY,NJ-T1A-NJYX-HCR01,TE_1/1/14,NJ-T1A-NJYX-HPE01,TE_1/1/13
485,LOS ANGELES,LA-T1A-RT02,GIGABITETHERNET7/0/3,LA-T1A-CR02,GIGABITETHERNET3/9
486,PARIS,PAR-T1A-PV0X-HPE01,TE_2/1/4,PAR-T1A-P96X-HCR02,TE_3/1/1
487,CAPE TOWN,CAP-T1A-EAGX-HRT01,GE_5/1/2,CAP-T1A-EAGX-HRT02,GE_5/1/2
488,SINGAPORE,SI-T1A-SVWX-HCR02,GE_1/1/2,SI-T1A-RT01,GIGABITETHERNET4/1/1
489,SYDNEY,SY-T1A-1MHX-HRT02,GE_5/1/1,SY-T1A-RT03,GIGABITETHERNET4/0/3
490,FRANKFURT,FFT-T1A-FNM-HCR01,GE_3/1/7,FFT-T1A-RT07-ASBR,GIGABITETHERNET0/0/1
491,NEW JERSEY,NJ-T1A-NJYX-HCR01,TE_1/2/1,ASH-T1A-AE6X-HRT01,TE_1/1/14
492,SYDNEY2,SY2-T1A-0PPX-HRT01,TE_5/1/14,SY-T1A-1MHX-HRT02,TE_3/2/1
493,HONGKONG,HK-T1A-H99X-HCR01,STM4_5/2/10,TAI-T1A-RT01,POS2/0/0
494,LOS ANGELES,LA-T1A-27GX-HPE01,GE_1/1/2,LA-T1A-CR01,GIGABITETHERNET3/4
495,ZURICH,ZU-T1A-RT01,GIGABITETHERNET2/1/1,FFT-T1A-FNM-HCR01,GE_2/1/1
496,MOROCCO,MOR-T1A-52WX-HRT01,GE_2/1/23,MOR-T1A-52WX-HRT02,GE_2/1/23
497,FRANKFURT,FFT-T1A-FNMX-HCR02,GE_1/1/6,STO-T1A-STKX-HRT02,GE_1/1/13
498,LONDON,LN-T1A-L78X-HCR02,GE_5/1/2,LN-T1A-RT04-PE,GIGABITETHERNET7/0/0
499,LUANDA,LUA-T1A-ALADA-ACN-RT01,GIGABITETHERNET0/0/1,LUA-T1A-ALADA-ACN-RT02,GIGABITETHERNET0/0/1
500,SINGAPORE2,SI2-T1A-SVQX-HCR01,TE_2/2/4,SI2-T1A-SVQX-HPE01,TE_1/1/13
501,FRANKFURT2,FFT2-T1A-FEQX-HRT01,GE_5/1/2,FFT2-T1A-FEQ-RT02,GIGABITETHERNET7/2
502,PARIS,PAR-T1A-P96X-HCR01,TE_1/1/14,FFT-T1A-FNMX-HCR02,TE_1/1/14
